regionidzip,zipcode,city,county,state,ziplat,ziplon,rentprice
97336,93560,Rosamond,Kern,CA,34.866409999999995,-118.34068,0.9633558360000001
97298,93510,Acton,Los Angeles,CA,34.465109999999996,-118.21416,2.833333333
96119,90270,Maywood,Los Angeles,CA,33.98805,-118.18597,2.833333333
96128,90292,Marina Del Rey,Los Angeles,CA,33.97831,-118.44761000000001,3.243127148
96117,90266,Manhattan Beach,Los Angeles,CA,33.8895,-118.39718,3.769929069
96116,90265,Malibu,Los Angeles,CA,34.071909999999995,-118.8499,6.8486627360000005
96113,90262,Lynwood,Los Angeles,CA,33.92365,-118.20053,2.833333333
95987,90006,Los Angeles,Los Angeles,CA,34.04801,-118.29418000000001,2.413043478
96371,91345,Mission Hills,Los Angeles,CA,34.26594,-118.45945,2.833333333
95986,90005,Los Angeles,Los Angeles,CA,34.05915,-118.30643,3.698060281
95993,90012,Los Angeles,Los Angeles,CA,34.06599,-118.23823,3.021284788
95988,90007,Los Angeles,Los Angeles,CA,34.02809,-118.28488999999999,1.624883937
95994,90013,Los Angeles,Los Angeles,CA,34.04481,-118.24033,3.1087832389999996
95989,90008,Los Angeles,Los Angeles,CA,34.00956,-118.34706000000001,1.624883937
95995,90014,Los Angeles,Los Angeles,CA,34.043079999999996,-118.25169,1.624883937
95985,90004,Los Angeles,Los Angeles,CA,34.076209999999996,-118.31083999999998,2.6189666430000003
95984,90003,Los Angeles,Los Angeles,CA,33.96411,-118.2737,1.624883937
95992,90011,Los Angeles,Los Angeles,CA,34.00714,-118.25873999999999,1.624883937
96273,91016,Monrovia,Los Angeles,CA,34.15213,-118.00068999999999,2.2058823530000002
96192,90640,Montebello,Los Angeles,CA,34.01508,-118.11073,2.833333333
96496,91754,Monterey Park,Los Angeles,CA,34.050959999999996,-118.1446,2.833333333
97330,93552,Palmdale,Los Angeles,CA,34.57142,-118.02318999999999,2.833333333
97328,93550,Palmdale,Los Angeles,CA,34.41325,-118.09161,2.833333333
97329,93551,Palmdale,Los Angeles,CA,34.601690000000005,-118.23101000000001,2.833333333
96361,91331,Pacoima,Los Angeles,CA,34.25563,-118.42076000000002,2.833333333
96120,90272,Pacific Palisades,Los Angeles,CA,34.07991,-118.54218999999999,4.360465116
96193,90650,Norwalk,Los Angeles,CA,33.90685,-118.08263000000001,2.833333333
96355,91325,Northridge,Los Angeles,CA,34.23602,-118.51758999999998,2.123045495
95983,90002,Los Angeles,Los Angeles,CA,33.949059999999996,-118.24673,1.624883937
96354,91324,Northridge,Los Angeles,CA,34.23901,-118.54958,2.338638373
96447,91602,North Hollywood,Los Angeles,CA,34.15103,-118.36631000000001,2.465863454
96450,91605,North Hollywood,Los Angeles,CA,34.207209999999996,-118.40025,2.833333333
96451,91606,North Hollywood,Los Angeles,CA,34.1866,-118.38871,2.833333333
96369,91343,North Hills,Los Angeles,CA,34.23827,-118.48066999999999,2.833333333
96352,91321,Newhall,Los Angeles,CA,34.3691,-118.48598,2.038835583
96275,91020,Montrose,Los Angeles,CA,34.211290000000005,-118.23064,2.833333333
96497,91755,Monterey Park,Los Angeles,CA,34.048,-118.11498999999999,2.833333333
96446,91601,North Hollywood,Los Angeles,CA,34.16854,-118.37253999999999,2.551664512
96028,90047,Los Angeles,Los Angeles,CA,33.9545,-118.309,1.624883937
95996,90015,Los Angeles,Los Angeles,CA,34.039390000000004,-118.26645,3.7627928560000004
95997,90016,Los Angeles,Los Angeles,CA,34.02872,-118.3546,2.44691358
96007,90026,Los Angeles,Los Angeles,CA,34.07927,-118.26301000000001,3.105555556
95998,90017,Los Angeles,Los Angeles,CA,34.05291,-118.2643,3.378466558
95999,90018,Los Angeles,Los Angeles,CA,34.02887,-118.3172,1.624883937
96000,90019,Los Angeles,Los Angeles,CA,34.04864,-118.33868000000001,2.319805195
96001,90020,Los Angeles,Los Angeles,CA,34.066390000000006,-118.3099,2.757714286
96003,90022,Los Angeles,Los Angeles,CA,34.02452,-118.15608999999999,1.624883937
96004,90023,Los Angeles,Los Angeles,CA,34.02276,-118.1999,1.624883937
96019,90038,Los Angeles,Los Angeles,CA,34.08876,-118.32652,2.8921568630000003
96005,90024,Los Angeles,Los Angeles,CA,34.06568,-118.43506000000001,3.5613062230000003
96029,90048,Los Angeles,Los Angeles,CA,34.072990000000004,-118.37263999999999,3.0468261410000004
96018,90037,Los Angeles,Los Angeles,CA,34.00268,-118.28748,1.624883937
96009,90028,Los Angeles,Los Angeles,CA,34.09989,-118.32692,3.313390557
96010,90029,Los Angeles,Los Angeles,CA,34.08984,-118.29471000000001,2.595512821
96012,90031,Los Angeles,Los Angeles,CA,34.080220000000004,-118.21073,1.624883937
96013,90032,Los Angeles,Los Angeles,CA,34.07954,-118.17806000000002,1.624883937
96014,90033,Los Angeles,Los Angeles,CA,34.05105,-118.21158999999999,1.624883937
96006,90025,Los Angeles,Los Angeles,CA,34.04544,-118.44586000000001,2.782243658
96020,90039,Los Angeles,Los Angeles,CA,34.111779999999996,-118.26001000000001,2.835934744
96021,90040,Los Angeles,Los Angeles,CA,33.993520000000004,-118.14907,1.624883937
96030,90049,Los Angeles,Los Angeles,CA,34.08719,-118.48926000000002,2.828706129
96022,90041,Los Angeles,Los Angeles,CA,34.13762,-118.20763000000001,1.624883937
96023,90042,Los Angeles,Los Angeles,CA,34.11461,-118.19193999999999,2.473684211
96024,90043,Los Angeles,Los Angeles,CA,33.988859999999995,-118.33516999999999,1.624883937
96025,90044,Los Angeles,Los Angeles,CA,33.95278,-118.29188,1.624883937
96058,90077,Los Angeles,Los Angeles,CA,34.10546,-118.45615,1.624883937
96026,90045,Los Angeles,Los Angeles,CA,33.95296,-118.40014,2.737642586
96027,90046,Los Angeles,Los Angeles,CA,34.10747,-118.36528,3.05
96049,90068,Los Angeles,Los Angeles,CA,34.12835,-118.32829,2.8936170210000003
96048,90067,Los Angeles,Los Angeles,CA,34.0577,-118.41402,1.624883937
96047,90066,Los Angeles,Los Angeles,CA,34.00125,-118.43066,2.919010337
96046,90065,Los Angeles,Los Angeles,CA,34.108909999999995,-118.22758999999999,1.624883937
96045,90064,Los Angeles,Los Angeles,CA,34.03702,-118.42492,1.624883937
96044,90063,Los Angeles,Los Angeles,CA,34.04507,-118.18593,1.624883937
96042,90061,Los Angeles,Los Angeles,CA,33.92045,-118.27403000000001,1.624883937
96040,90059,Los Angeles,Los Angeles,CA,33.92627,-118.24965,1.624883937
96038,90057,Los Angeles,Los Angeles,CA,34.06224,-118.27716000000001,2.5476923080000002
96037,90056,Los Angeles,Los Angeles,CA,33.98806,-118.37033999999998,1.624883937
96121,90274,Palos Verdes Peninsula,Los Angeles,CA,33.77734,-118.36893,2.833333333
96411,91402,Panorama City,Los Angeles,CA,34.224109999999996,-118.44481,2.833333333
96220,90723,Paramount,Los Angeles,CA,33.89743,-118.16481999999999,1.9150504590000001
96293,91105,Pasadena,Los Angeles,CA,34.13821,-118.16677,2.495106036
96420,91411,Van Nuys,Los Angeles,CA,34.17855,-118.45922,2.154247053
96452,91607,Valley Village,Los Angeles,CA,34.16622,-118.40008,2.3525754880000003
96378,91355,Valencia,Los Angeles,CA,34.424659999999996,-118.58923,1.9973404259999998
96377,91354,Valencia,Los Angeles,CA,34.464929999999995,-118.55429,2.183333333
96284,91042,Tujunga,Los Angeles,CA,34.31653,-118.24911999999999,2.833333333
96161,90503,Torrance,Los Angeles,CA,33.84073,-118.35356999999999,2.306180283
96160,90502,Torrance,Los Angeles,CA,33.834990000000005,-118.29292,2.306180283
96415,91406,Van Nuys,Los Angeles,CA,34.19818,-118.48975,2.1163012390000002
96163,90505,Torrance,Los Angeles,CA,33.80887,-118.34801999999999,2.306180283
96162,90504,Torrance,Los Angeles,CA,33.866820000000004,-118.33113999999999,2.306180283
96126,90290,Topanga,Los Angeles,CA,34.09588,-118.60708000000001,2.833333333
96517,91780,Temple City,Los Angeles,CA,34.10148,-118.05547,2.833333333
96379,91356,Tarzana,Los Angeles,CA,34.15508,-118.54751,2.32748538
96368,91342,Sylmar,Los Angeles,CA,34.31515,-118.3851,2.833333333
96282,91040,Sunland,Los Angeles,CA,34.26177,-118.33715,2.833333333
96375,91352,Sun Valley,Los Angeles,CA,34.23193,-118.3664,2.833333333
96159,90501,Torrance,Los Angeles,CA,33.8334,-118.31426,2.47375
96449,91604,Studio City,Los Angeles,CA,34.13882,-118.39353,2.715231788
96414,91405,Van Nuys,Los Angeles,CA,34.201190000000004,-118.44811000000001,1.899470899
96127,90291,Venice,Los Angeles,CA,33.99437,-118.46343999999999,4.047198241
96389,91367,Woodland Hills,Los Angeles,CA,34.17705,-118.61531000000001,2.218284904
96387,91364,Woodland Hills,Los Angeles,CA,34.154759999999996,-118.59508999999998,2.142857143
96341,91306,Winnetka,Los Angeles,CA,34.209270000000004,-118.5754,2.833333333
96228,90744,Wilmington,Los Angeles,CA,33.77864,-118.26167,2.833333333
96173,90605,Whittier,Los Angeles,CA,33.94983,-118.02328999999999,2.833333333
96171,90603,Whittier,Los Angeles,CA,33.945409999999995,-117.99253,2.833333333
96174,90606,Whittier,Los Angeles,CA,33.97767,-118.0658,2.833333333
96410,91401,Van Nuys,Los Angeles,CA,34.17812,-118.43146000000002,2.128377402
96172,90604,Whittier,Los Angeles,CA,33.93012,-118.01225,2.833333333
96170,90602,Whittier,Los Angeles,CA,33.971990000000005,-118.0223,2.833333333
96050,90069,West Hollywood,Los Angeles,CA,34.09386,-118.38171000000001,3.330555556
96342,91307,West Hills,Los Angeles,CA,34.201640000000005,-118.66216000000001,2.833333333
96523,91790,West Covina,Los Angeles,CA,34.06735,-117.93771000000001,2.130123928
96524,91791,West Covina,Los Angeles,CA,34.06107,-117.89403,2.0576470590000002
96525,91792,West Covina,Los Angeles,CA,34.02584,-117.89993999999999,2.0576470590000002
96522,91789,Walnut,Los Angeles,CA,34.01831,-117.85463,1.39002453
96169,90601,Whittier,Los Angeles,CA,34.008340000000004,-118.03135,2.833333333
96395,91381,Stevenson Ranch,Los Angeles,CA,34.37747,-118.61311,2.833333333
96280,91030,South Pasadena,Los Angeles,CA,34.1102,-118.15735,2.833333333
96125,90280,South Gate,Los Angeles,CA,33.94467,-118.19268000000001,2.833333333
96364,91335,Reseda,Los Angeles,CA,34.20105,-118.54066999999999,2.1371365769999997
96123,90277,Redondo Beach,Los Angeles,CA,33.83077,-118.38458,2.463549522
96124,90278,Redondo Beach,Los Angeles,CA,33.87325,-118.37037,2.158301308
96122,90275,Rancho Palos Verdes,Los Angeles,CA,33.75545,-118.36393000000001,2.106652562
96356,91326,Porter Ranch,Los Angeles,CA,34.28048,-118.55758,1.624883937
96506,91766,Pomona,Los Angeles,CA,34.04179,-117.75691,1.795140419
96507,91767,Pomona,Los Angeles,CA,34.08143,-117.73844,1.795140419
96510,91770,Rosemead,Los Angeles,CA,34.0644,-118.08365,2.833333333
96508,91768,Pomona,Los Angeles,CA,34.06387,-117.79065,1.795140419
96129,90293,Playa Del Rey,Los Angeles,CA,33.95033,-118.43721000000001,2.956790123
96197,90660,Pico Rivera,Los Angeles,CA,33.988820000000004,-118.09063,2.833333333
96289,91101,Pasadena,Los Angeles,CA,34.146570000000004,-118.13942,2.678043239
96291,91103,Pasadena,Los Angeles,CA,34.16898,-118.16597,3.3132530119999997
96292,91104,Pasadena,Los Angeles,CA,34.167840000000005,-118.12348,2.347058824
96294,91106,Pasadena,Los Angeles,CA,34.13868,-118.1282,2.277357931
96295,91107,Pasadena,Los Angeles,CA,34.15833,-118.08716000000001,2.466845164
96072,90094,Playa Vista,Los Angeles,CA,33.975390000000004,-118.417,3.545454545
96492,91748,Rowland Heights,Los Angeles,CA,33.97661,-117.8997,2.833333333
96513,91773,San Dimas,Los Angeles,CA,34.110040000000005,-117.80981000000001,2.833333333
96366,91340,San Fernando,Los Angeles,CA,34.28671,-118.4351,2.833333333
96480,91733,South El Monte,Los Angeles,CA,34.04553,-118.05318,2.833333333
96234,90755,Signal Hill,Los Angeles,CA,33.802890000000005,-118.16771000000001,2.833333333
96278,91024,Sierra Madre,Los Angeles,CA,34.16871,-118.05037,2.833333333
96424,91423,Sherman Oaks,Los Angeles,CA,34.14852,-118.43271999999999,2.309027778
96412,91403,Sherman Oaks,Los Angeles,CA,34.14659,-118.46286,2.361685731
96150,90403,Santa Monica,Los Angeles,CA,34.03106,-118.4901,3.578947368
96152,90405,Santa Monica,Los Angeles,CA,34.011790000000005,-118.46821000000001,3.9665877710000004
96151,90404,Santa Monica,Los Angeles,CA,34.02657,-118.47368,3.425245098
96149,90402,Santa Monica,Los Angeles,CA,34.03562,-118.50363999999999,5.0
96201,90670,Santa Fe Springs,Los Angeles,CA,33.933009999999996,-118.06263999999999,2.833333333
96403,91390,Santa Clarita,Los Angeles,CA,34.522859999999994,-118.39213000000001,1.870265152
96373,91350,Santa Clarita,Los Angeles,CA,34.43358,-118.50072,1.870265152
96222,90732,San Pedro,Los Angeles,CA,33.74507,-118.31012,2.833333333
96221,90731,San Pedro,Los Angeles,CA,33.733340000000005,-118.27431999999999,2.150675676
96296,91108,San Marino,Los Angeles,CA,34.12239,-118.11338,2.833333333
96514,91775,San Gabriel,Los Angeles,CA,34.1144,-118.08944,1.91011236
96515,91776,San Gabriel,Los Angeles,CA,34.08988,-118.09494,1.91011236
96015,90034,Los Angeles,Los Angeles,CA,34.03068,-118.39953999999999,2.8648249939999997
96016,90035,Los Angeles,Los Angeles,CA,34.051790000000004,-118.38354,2.491833333
96043,90062,Los Angeles,Los Angeles,CA,34.00376,-118.30875,1.624883937
96008,90027,Los Angeles,Los Angeles,CA,34.125209999999996,-118.29057,2.553282182
96401,91387,Canyon Country,Los Angeles,CA,34.39878,-118.37318,1.870265152
96338,91303,Canoga Park,Los Angeles,CA,34.19794,-118.60156,2.313689937
96339,91304,Canoga Park,Los Angeles,CA,34.22466,-118.6325,2.046035806
96337,91302,Calabasas,Los Angeles,CA,34.12426,-118.67012,2.562704471
96433,91501,Burbank,Los Angeles,CA,34.200520000000004,-118.29583000000001,2.833333333
96436,91504,Burbank,Los Angeles,CA,34.20451,-118.32701000000002,2.833333333
96437,91505,Burbank,Los Angeles,CA,34.17473,-118.34676999999999,2.833333333
96438,91506,Burbank,Los Angeles,CA,34.17123,-118.32382,2.833333333
96434,91502,Burbank,Los Angeles,CA,34.176840000000006,-118.30926000000001,2.833333333
96324,91205,Glendale,Los Angeles,CA,34.13666,-118.24332,2.156392694
96320,91201,Glendale,Los Angeles,CA,34.17031,-118.28913,2.156392694
96321,91202,Glendale,Los Angeles,CA,34.167840000000005,-118.26843999999998,2.414403292
96323,91204,Glendale,Los Angeles,CA,34.136359999999996,-118.26098,2.908383751
96322,91203,Glendale,Los Angeles,CA,34.15296,-118.26425,2.9980806139999996
96325,91206,Glendale,Los Angeles,CA,34.16068,-118.21351999999999,2.156392694
96327,91208,Glendale,Los Angeles,CA,34.19251,-118.23657,2.156392694
96326,91207,Glendale,Los Angeles,CA,34.183609999999994,-118.25863999999999,2.156392694
96486,91741,Glendora,Los Angeles,CA,34.15372,-117.84368,2.833333333
96370,91344,Granada Hills,Los Angeles,CA,34.29392,-118.5075,2.833333333
96489,91745,Hacienda Heights,Los Angeles,CA,33.999309999999994,-117.97325,2.833333333
96210,90710,Harbor City,Los Angeles,CA,33.79809,-118.29907,2.833333333
96216,90716,Hawaiian Gardens,Los Angeles,CA,33.83032,-118.073,2.833333333
96087,90211,Beverly Hills,Los Angeles,CA,34.06496,-118.38293999999999,2.94309964
96086,90210,Beverly Hills,Los Angeles,CA,34.10103,-118.41476000000002,4.179728318
96107,90250,Hawthorne,Los Angeles,CA,33.91437,-118.3493,2.0863636359999997
96374,91351,Canyon Country,Los Angeles,CA,34.433209999999995,-118.46293,2.833333333
96088,90212,Beverly Hills,Los Angeles,CA,34.06218,-118.40193000000001,3.081372927
96106,90249,Gardena,Los Angeles,CA,33.9015,-118.31708,2.833333333
96104,90247,Gardena,Los Angeles,CA,33.8914,-118.29737,2.833333333
96474,91723,Covina,Los Angeles,CA,34.084759999999996,-117.88643,2.833333333
96473,91722,Covina,Los Angeles,CA,34.09726,-117.90616000000001,2.833333333
96097,90232,Culver City,Los Angeles,CA,34.01879,-118.39182,4.308456927
96095,90230,Culver City,Los Angeles,CA,33.99722,-118.3946,2.7322404369999997
96505,91765,Diamond Bar,Los Angeles,CA,33.98822,-117.81446000000001,1.4196342640000001
96101,90241,Downey,Los Angeles,CA,33.940870000000004,-118.12923,2.833333333
96102,90242,Downey,Los Angeles,CA,33.92214,-118.14147,2.833333333
96100,90240,Downey,Los Angeles,CA,33.9568,-118.11868999999999,2.833333333
399675,91008,Duarte,Los Angeles,CA,34.15344,-117.96823,2.833333333
96270,91010,Duarte,Los Angeles,CA,34.14074,-117.95671000000002,2.833333333
96478,91731,El Monte,Los Angeles,CA,34.07877,-118.04063000000001,2.833333333
96479,91732,El Monte,Los Angeles,CA,34.07343,-118.01445,2.833333333
96103,90245,El Segundo,Los Angeles,CA,33.91695,-118.40206,2.833333333
96349,91316,Encino,Los Angeles,CA,34.16039,-118.51669,2.067697552
96426,91436,Encino,Los Angeles,CA,34.15087,-118.49229,2.833333333
96092,90222,Compton,Los Angeles,CA,33.91238,-118.2365,2.833333333
96090,90220,Compton,Los Angeles,CA,33.880790000000005,-118.23607,2.833333333
96091,90221,Compton,Los Angeles,CA,33.88615,-118.20593999999998,2.833333333
96017,90036,Los Angeles,Los Angeles,CA,34.070159999999994,-118.34987,2.872289157
96469,91711,Claremont,Los Angeles,CA,34.12853,-117.71561000000001,1.6731016730000001
96346,91311,Chatsworth,Los Angeles,CA,34.28937,-118.60741999999999,2.244389027
96206,90703,Cerritos,Los Angeles,CA,33.86786,-118.06873999999999,2.833333333
96398,91384,Castaic,Los Angeles,CA,34.53072,-118.6864,2.833333333
96230,90746,Carson,Los Angeles,CA,33.85888,-118.25525,2.833333333
96229,90745,Carson,Los Angeles,CA,33.82124,-118.26441000000001,2.833333333
96105,90248,Gardena,Los Angeles,CA,33.87669,-118.2835,2.833333333
96109,90254,Hermosa Beach,Los Angeles,CA,33.86546,-118.39665,3.460912052
96485,91740,Glendora,Los Angeles,CA,34.118790000000004,-117.85396000000001,2.833333333
96083,90201,Bell Gardens,Los Angeles,CA,33.97074,-118.17083999999998,2.833333333
96208,90706,Bellflower,Los Angeles,CA,33.888020000000004,-118.12708,2.833333333
96533,91803,Alhambra,Los Angeles,CA,34.074940000000005,-118.14621000000001,2.050092635
96531,91801,Alhambra,Los Angeles,CA,34.090759999999996,-118.12756,2.050092635
97316,93532,Lake Hughes,Los Angeles,CA,34.68472,-118.54413999999998,2.833333333
96212,90712,Lakewood,Los Angeles,CA,33.84901,-118.14672,2.833333333
96215,90715,Lakewood,Los Angeles,CA,33.84032,-118.0788,2.833333333
96213,90713,Lakewood,Los Angeles,CA,33.84798,-118.11265,2.833333333
97317,93534,Lancaster,Los Angeles,CA,34.71569,-118.15122,1.590047393
97318,93535,Lancaster,Los Angeles,CA,34.71306,-117.87825,1.0252088990000001
97319,93536,Lancaster,Los Angeles,CA,34.74709,-118.36875,0.96738745
96111,90260,Lawndale,Los Angeles,CA,33.888290000000005,-118.35125,2.833333333
97323,93543,Littlerock,Los Angeles,CA,34.48918,-117.97085,2.833333333
97324,93544,Llano,Los Angeles,CA,34.49303,-117.75431999999999,2.833333333
96217,90717,Lomita,Los Angeles,CA,33.79383,-118.31719,2.833333333
96241,90807,Long Beach,Los Angeles,CA,33.82795,-118.1746,1.9021739130000002
96247,90815,Long Beach,Los Angeles,CA,33.79572,-118.11641000000002,2.517564403
96246,90814,Long Beach,Los Angeles,CA,33.77162,-118.14358,2.303252886
96245,90813,Long Beach,Los Angeles,CA,33.78237,-118.19684,2.0714285709999998
96236,90802,Long Beach,Los Angeles,CA,33.750209999999996,-118.21141000000001,2.605979284
96242,90808,Long Beach,Los Angeles,CA,33.82396,-118.11226,1.9021739130000002
96240,90806,Long Beach,Los Angeles,CA,33.8045,-118.18761,1.9021739130000002
96239,90805,Long Beach,Los Angeles,CA,33.864909999999995,-118.18054,1.9021739130000002
96238,90804,Long Beach,Los Angeles,CA,33.78185,-118.14863000000001,2.212124604
96237,90803,Long Beach,Los Angeles,CA,33.76161,-118.12218,2.5527777780000003
96244,90810,Long Beach,Los Angeles,CA,33.818940000000005,-118.22111000000001,1.9021739130000002
96336,91301,Agoura Hills,Los Angeles,CA,34.12274,-118.75726999999999,2.833333333
95982,90001,Los Angeles,Los Angeles,CA,33.97397,-118.24953000000001,1.624883937
96494,91750,La Verne,Los Angeles,CA,34.16084,-117.77278000000001,2.833333333
96490,91746,La Puente,Los Angeles,CA,34.044259999999994,-117.98625,2.833333333
96265,91001,Altadena,Los Angeles,CA,34.195440000000005,-118.13796,2.833333333
96475,91724,Covina,Los Angeles,CA,34.08072,-117.85502,2.833333333
96488,91744,La Puente,Los Angeles,CA,34.028890000000004,-117.93732,2.833333333
96207,90704,Avalon,Los Angeles,CA,33.382509999999996,-118.43439,2.833333333
96204,90701,Artesia,Los Angeles,CA,33.86763,-118.08062,2.833333333
96268,91007,Arcadia,Los Angeles,CA,34.12865,-118.04815,1.739995996
96267,91006,Arcadia,Los Angeles,CA,34.13599,-118.02675,1.707498144
96137,90305,Inglewood,Los Angeles,CA,33.959590000000006,-118.33015,2.147406652
96133,90301,Inglewood,Los Angeles,CA,33.956520000000005,-118.35864,2.147406652
96134,90302,Inglewood,Los Angeles,CA,33.97472,-118.35548999999999,2.147406652
96271,91011,La Canada Flintridge,Los Angeles,CA,34.22161,-118.20516,2.833333333
96135,90303,Inglewood,Los Angeles,CA,33.9381,-118.3323,2.147406652
96330,91214,La Crescenta,Los Angeles,CA,34.236709999999995,-118.24925,2.833333333
96136,90304,Inglewood,Los Angeles,CA,33.937979999999996,-118.35853999999999,2.147406652
96110,90255,Huntington Park,Los Angeles,CA,33.97703,-118.2173,2.833333333
96464,91702,Azusa,Los Angeles,CA,34.265570000000004,-117.86721999999999,2.833333333
96465,91706,Baldwin Park,Los Angeles,CA,34.09641,-117.96816000000001,2.833333333
96190,90638,La Mirada,Los Angeles,CA,33.902409999999996,-118.0092,2.833333333
97001,92701,Santa Ana,Orange,CA,33.74823,-117.85847,2.270588235
97004,92704,Santa Ana,Orange,CA,33.72053,-117.90805,2.270588235
97005,92705,Santa Ana,Orange,CA,33.75567,-117.81638999999998,2.210017575
97006,92706,Santa Ana,Orange,CA,33.76591,-117.8822,2.270588235
97007,92707,Santa Ana,Orange,CA,33.70984,-117.87088,2.270588235
96959,92627,Costa Mesa,Orange,CA,33.64788,-117.92043999999999,2.358109742
97035,92821,Brea,Orange,CA,33.92738,-117.88519,1.872093108
97003,92703,Santa Ana,Orange,CA,33.74873,-117.90611000000001,2.270588235
97018,92782,Tustin,Orange,CA,33.73969,-117.78472,1.781609195
97023,92804,Anaheim,Orange,CA,33.818259999999995,-117.97503999999999,1.9421991280000002
97016,92780,Tustin,Orange,CA,33.73402,-117.81916000000001,2.215055617
97024,92805,Anaheim,Orange,CA,33.83038,-117.90578000000001,2.454959054
97025,92806,Anaheim,Orange,CA,33.83856,-117.87071,2.028387321
96203,90680,Stanton,Orange,CA,33.80118,-117.99495,2.3389998025
97026,92807,Anaheim,Orange,CA,33.84967,-117.78921000000001,1.8804577409999998
96956,92624,Capistrano Beach,Orange,CA,33.45922,-117.6657,2.3389998025
97021,92802,Anaheim,Orange,CA,33.808279999999996,-117.92366000000001,1.8804577409999998
96974,92656,Aliso Viejo,Orange,CA,33.576229999999995,-117.73038999999999,1.896185592
97059,92861,Villa Park,Orange,CA,33.81773,-117.81013,2.3389998025
96986,92676,Silverado,Orange,CA,33.75038,-117.63462,2.3389998025
97020,92801,Anaheim,Orange,CA,33.844440000000006,-117.95223,1.8804577409999998
97027,92808,Anaheim,Orange,CA,33.85647,-117.74013000000001,1.8804577409999998
96225,90740,Seal Beach,Orange,CA,33.75962,-118.07346000000001,2.3389998025
96181,90621,Buena Park,Orange,CA,33.87427,-117.9935,2.3389998025
96180,90620,Buena Park,Orange,CA,33.846109999999996,-118.01168999999999,2.3389998025
96989,92679,Trabuco Canyon,Orange,CA,33.63389,-117.58963,2.3389998025
97037,92823,Brea,Orange,CA,33.92942,-117.80683,1.872093108
96990,92683,Westminster,Orange,CA,33.7525,-117.99396999999999,2.3389998025
96957,92625,Corona Del Mar,Orange,CA,33.60216,-117.86558000000001,3.1416268869999997
97043,92835,Fullerton,Orange,CA,33.90187,-117.91734,1.872036625
96985,92675,San Juan Capistrano,Orange,CA,33.50209,-117.60457,2.3389998025
96958,92626,Costa Mesa,Orange,CA,33.67892,-117.90841999999999,2.0944148940000002
96975,92657,Newport Coast,Orange,CA,33.5956,-117.83209,2.577969476
96981,92663,Newport Beach,Orange,CA,33.62365,-117.93046000000001,2.358569926
96980,92662,Newport Beach,Orange,CA,33.605470000000004,-117.89204,2.358569926
96978,92660,Newport Beach,Orange,CA,33.63374,-117.87449,2.54906959
96979,92661,Newport Beach,Orange,CA,33.60262,-117.90038,2.358569926
96996,92692,Mission Viejo,Orange,CA,33.60678,-117.64303999999998,1.793828982
96995,92691,Mission Viejo,Orange,CA,33.610640000000004,-117.66626000000001,1.838235294
96973,92655,Midway City,Orange,CA,33.74522,-117.98488,2.3389998025
96965,92647,Huntington Beach,Orange,CA,33.7235,-118.00674,2.20019595
96966,92648,Huntington Beach,Orange,CA,33.68244,-118.01245,2.173913043
96967,92649,Huntington Beach,Orange,CA,33.72635,-118.05096,2.135795455
96964,92646,Huntington Beach,Orange,CA,33.66538,-117.96762,2.012334802
96940,92603,Irvine,Orange,CA,33.62445,-117.78873999999999,2.05026455
96941,92604,Irvine,Orange,CA,33.68809,-117.7889,2.096890817
96943,92606,Irvine,Orange,CA,33.700390000000006,-117.81725,2.251819646
96939,92602,Irvine,Orange,CA,33.74581,-117.74866999999999,1.8596059109999998
96218,90720,Los Alamitos,Orange,CA,33.79557,-118.0636,2.3389998025
96962,92630,Lake Forest,Orange,CA,33.64468,-117.68518,1.9375
97079,92887,Yorba Linda,Orange,CA,33.88471,-117.73123999999999,1.7031171440000001
96963,92637,Laguna Woods,Orange,CA,33.61015,-117.73161999999999,1.875306075
96987,92677,Laguna Niguel,Orange,CA,33.52765,-117.70518,1.726166794
96971,92653,Laguna Hills,Orange,CA,33.59158,-117.69847,2.118918919
97066,92868,Orange,Orange,CA,33.78815,-117.8761,2.376812952
96969,92651,Laguna Beach,Orange,CA,33.55925,-117.77646999999999,3.3240997230000002
96183,90623,La Palma,Orange,CA,33.850390000000004,-118.04071,2.3389998025
96186,90631,La Habra,Orange,CA,33.942479999999996,-117.95133,2.080701754
96948,92614,Irvine,Orange,CA,33.68166,-117.83305,2.0907158040000002
96952,92618,Irvine,Orange,CA,33.66816,-117.73421,1.695308871
96954,92620,Irvine,Orange,CA,33.71257,-117.75068,1.669702489
96947,92612,Irvine,Orange,CA,33.660759999999996,-117.82641000000001,2.026635785
96998,92694,Ladera Ranch,Orange,CA,33.54725,-117.62371999999999,1.80344143
97067,92869,Orange,Orange,CA,33.79602,-117.78663999999999,2.376812952
97078,92886,Yorba Linda,Orange,CA,33.89646,-117.79716,1.7031171440000001
97008,92708,Fountain Valley,Orange,CA,33.71052,-117.9512,2.158314351
97050,92843,Garden Grove,Orange,CA,33.76398,-117.93144,2.3389998025
97051,92844,Garden Grove,Orange,CA,33.76543,-117.96945,2.3389998025
97065,92867,Orange,Orange,CA,33.81573,-117.82218,2.376812952
97039,92831,Fullerton,Orange,CA,33.87973,-117.89635,1.872036625
97052,92845,Garden Grove,Orange,CA,33.78308,-118.02625,2.3389998025
97047,92840,Garden Grove,Orange,CA,33.78582,-117.93223,2.3389998025
97040,92832,Fullerton,Orange,CA,33.8686,-117.929,2.781434931
97048,92841,Garden Grove,Orange,CA,33.78689,-117.98195,2.3389998025
96946,92610,Foothill Ranch,Orange,CA,33.69614,-117.67607,2.3389998025
97041,92833,Fullerton,Orange,CA,33.87927,-117.96173,1.872036625
96993,92688,Rancho Santa Margarita,Orange,CA,33.620090000000005,-117.61231000000001,1.922739624
97063,92865,Orange,Orange,CA,33.82887,-117.84905,2.376812952
97064,92866,Orange,Orange,CA,33.78453,-117.84449,2.376812952
96961,92629,Dana Point,Orange,CA,33.47671,-117.70459,2.3899371069999997
96185,90630,Cypress,Orange,CA,33.8181,-118.03818000000001,2.3389998025
96983,92673,San Clemente,Orange,CA,33.466879999999996,-117.61214,2.016607355
96982,92672,San Clemente,Orange,CA,33.42989,-117.60933,2.060270603
97068,92870,Placentia,Orange,CA,33.880759999999995,-117.85512,2.273059361
96467,91709,Chino Hills,San Bernardino,CA,33.96432,-117.736,1.334697799
96859,92397,Wrightwood,San Bernardino,CA,34.36701,-117.62728,1.7696946384999999
97092,93013,Carpinteria,Santa Barbara,CA,34.44012,-119.49415,3.372681282
97094,93015,Fillmore,Ventura,CA,34.40573,-118.89653,2.3077829585
97109,93041,Port Hueneme,Ventura,CA,34.13102,-119.14668,2.3077829585
96384,91361,Westlake Village,Ventura,CA,34.136520000000004,-118.88905,2.255717256
97113,93060,Santa Paula,Ventura,CA,34.40168,-119.09935,2.3077829585
96383,91360,Thousand Oaks,Ventura,CA,34.212720000000004,-118.88213,1.9958333330000002
97084,93004,Ventura,Ventura,CA,34.278859999999995,-119.16548999999999,2.15818809
97081,93001,Ventura,Ventura,CA,34.192209999999996,-119.50791000000001,2.496865135
96385,91362,Thousand Oaks,Ventura,CA,34.19336,-118.81868999999999,1.9958333330000002
97091,93012,Camarillo,Ventura,CA,34.20328,-118.99795,2.326325411
97099,93023,Ojai,Ventura,CA,34.52395,-119.27429,2.3077829585
97089,93010,Camarillo,Ventura,CA,34.22983,-119.07463999999999,2.614303178
96393,91377,Oak Park,Ventura,CA,34.18497,-118.7669,2.436659722
97106,93035,Oxnard,Ventura,CA,34.18358,-119.22178000000001,2.11142219
97083,93003,Ventura,Ventura,CA,34.2846,-119.22221,2.15818809
97104,93033,Oxnard,Ventura,CA,34.15213,-119.12648999999999,2.11142219
96351,91320,Newbury Park,Ventura,CA,34.175979999999996,-118.94503999999999,2.3077829585
97097,93021,Moorpark,Ventura,CA,34.303490000000004,-118.88418999999999,2.3077829585
97107,93036,Oxnard,Ventura,CA,34.235620000000004,-119.18038999999999,2.138554217
97119,93066,Somis,Ventura,CA,34.28856,-119.02948,2.3077829585
97118,93065,Simi Valley,Ventura,CA,34.260220000000004,-118.77436999999999,2.220873786
97116,93063,Simi Valley,Ventura,CA,34.3046,-118.68443,2.220873786
97101,93030,Oxnard,Ventura,CA,34.20532,-119.17483999999999,2.11142219
97098,93022,Oak View,Ventura,CA,34.40733,-119.30566999999999,2.3077829585
